,序号,价格,商品名称,图片链接,销量
0,1,88.0,必送大一大学新生开学大礼包住校男女生生活用品准备学生宿舍神器,..static/goods_img/7/1.jpg,542
1,2,7.6,创意居家居厨房用品用具家用小东西生活日用品实用小百货大全物件,..static/goods_img/7/2.jpg,1150
2,3,13.0,抖音创意家居家生活日用品实用宿舍收纳神器小百货大全家用小东西,..static/goods_img/7/3.jpg,64
3,4,11.5,家居用品生活小百货家用大全非开学必备女生住校宿舍好物收纳神器,..static/goods_img/7/4.jpg,275
4,5,23.9,高中大学生开学宿舍必备生活用品学生住宿住校品寝室女生神器好物,..static/goods_img/7/5.jpg,3654
5,6,15.8,大学生开学新生礼包高中初中生军训神器住校生活宿舍用品寝室好物,..static/goods_img/7/6.jpg,153
6,7,23.7,大学生开学军训必备神器宿舍寝室女生好物生活用品住校住宿品新生,..static/goods_img/7/7.jpg,23
7,8,18.9,宿舍神器大学生开学必备军训必备品寝室女生生活用品住校好物大全,..static/goods_img/7/8.jpg,24
8,9,25.0,大学开学季大学生住校宿舍好物高中学生寝室家居生活用品大全神器,..static/goods_img/7/9.jpg,388
9,10,19.9,大学开学女大学生宿舍高中学生住校寝室实用好物家居生活用品神器,..static/goods_img/7/10.jpg,106
10,11,19.9,宿舍用品大学住宿卧室好物住校寝室生活大学生开学季高中学生神器,..static/goods_img/7/11.jpg,381
11,12,64.37,军训女生大学生高中新生开学必备学生生活用品住宿品宿舍神器好物,..static/goods_img/7/12.jpg,18
12,13,23.75,开学宿舍必备用品大学生高中新生住宿住校寝室好物生活品女生神器,..static/goods_img/7/13.jpg,148
13,14,23.9,大学生住宿舍好物生活日用家居用品用具小百货女生神器住校寝室,..static/goods_img/7/14.jpg,195
14,15,29.8,学生军训水杯大容量水壶女生新生开学大学高中初中宿舍生活用品全,..static/goods_img/7/15.jpg,69
15,16,18.8,大学新生开学住校生活日用品宿舍好物大全男女生住宿寝室收纳神器,..static/goods_img/7/16.jpg,176
16,17,18.8,大学新女生开学男宿舍收纳神器住校好物日用品大全家居用具小百货,..static/goods_img/7/17.jpg,136
17,18,11.8,学生开学宿舍通用品高中新生大学生生活用品好物大全女生军训神器,..static/goods_img/7/18.jpg,22
18,19,9.9,居家日用品小百货生活神器实用厨房洗锅具家用小东西实用家庭日常,..static/goods_img/7/19.jpg,201
19,20,2.5,新奇特创意神器无痕家居礼物家庭百货日用品生活实用常用小商品,..static/goods_img/7/20.jpg,7000
20,21,48.0,开学送大学生新生初中高中生女生生活用品入学住校生寝室宿舍神器,..static/goods_img/7/21.jpg,526
21,22,12.5,创意家居实用学生宿舍神器住宿住校卫生间生活日用品小东西小百货,..static/goods_img/7/22.jpg,44
22,23,44.8,大学生寝室神器房间男生卧室女生宿舍开学必备用品租房家用小物件,..static/goods_img/7/23.jpg,1173
23,24,8.45,学生礼物大学新生开学礼品高中住宿舍女生活用品微商地推活动赠品,..static/goods_img/7/24.jpg,380
24,25,16.6,大学生高中开学住校生活用品宿舍女寝室神器好物日用品小百货大全,..static/goods_img/7/25.jpg,2760
25,26,16.9,姨妈垫宿舍好物开学必备用品住校神器大学生初中高中生活百货住宿,..static/goods_img/7/26.jpg,3910
26,27,19.7,住校生神器男生女寝室出租房开学军训小中大学生宿舍生活用品大全,..static/goods_img/7/27.jpg,2936
27,28,13.5,高温慰问品夏季防暑礼品套装员工福利夏令日用品送清凉礼品物定制,..static/goods_img/7/28.jpg,11
28,29,37.5,家庭卧室生活家居用品用具小百货学生居家宿舍住校神器家用大全,..static/goods_img/7/29.jpg,2163
29,30,16.99,家用百货大全宿舍居家卧室住校开学学生生活家庭家居用品用具神器,..static/goods_img/7/30.jpg,4653
30,31,25.0,大学高中学生宿舍用品开学季住校生活住宿好物大学生寝室大全神器,..static/goods_img/7/31.jpg,2426
31,32,22.8,住校生活用品高中生初中大学生开学宿舍好物男生女生寝室衣架神器,..static/goods_img/7/32.jpg,436
32,33,9.9,军训神器女生活用品家居宿舍折叠盆开学大学生初中生寝室便携塑料,..static/goods_img/7/33.jpg,3913
33,34,1.9,厨房新奇特创意家居家生活日用品实用百货韩国小商品抹布懒人神器,..static/goods_img/7/34.jpg,1359
34,35,54.9,高中住校用品寝室好物开学季大学生初中学生宿舍生活实用神器日用,..static/goods_img/7/35.jpg,201
35,36,15.0,大学生高中开学新生宿舍学生必备军训神器女生住宿品寝室生活用品,..static/goods_img/7/36.jpg,5500
36,37,100.0,高温慰问品洗漱日用品套装礼盒防暑降温品夏季送清凉企业员工福利,..static/goods_img/7/37.jpg,9
37,38,22.9,内衣收纳挂袋大一新生开学用品住宿住校生女生好物大学生宿舍神器,..static/goods_img/7/38.jpg,302
38,39,26.9,住校神器女生生活用品大学高中初中生开学宿舍好物住宿生家用大全,..static/goods_img/7/39.jpg,115
39,40,13.47,大学开学必备用品大学生女生收纳袋百货大全高中学生宿舍物品神器,..static/goods_img/7/40.jpg,2207
40,41,22.9,内衣收纳袋大一新生开学必备用品宿舍神器住校物件家居好物大学生,..static/goods_img/7/41.jpg,2198
41,42,7.79,住校神器女生生活用品大学高中初中生开学宿舍好物住宿生家用大全,..static/goods_img/7/42.jpg,3189
42,43,9.9,卫生间清洁神器宿舍用具创意日用品家居生活厨房居家用小百货大全,..static/goods_img/7/43.jpg,3418
43,44,2.9,创意家居用品用具小百货厨房居家生活日用品家用物件实用神器礼品,..static/goods_img/7/44.jpg,15000.0
44,45,12.8,创意家居用品用具小百货生活用品日用品省空间阳台衣架收纳神器,..static/goods_img/7/45.jpg,3448
45,46,189.0,生日礼物男生送男朋友老公高档实用父亲男士日用品轻奢教师节礼物,..static/goods_img/7/46.jpg,78
46,47,39.9,留白大一新生入学清单宿舍日用品开学礼物大学学生升学礼物大礼包,..static/goods_img/7/47.jpg,532
47,48,128.0,情侣之间的小玩意同居生活房间日常用品哄女友男友好物恋爱神器污,..static/goods_img/7/48.jpg,113
48,49,189.0,生日礼物男生送男朋友老公高档实用父亲男士日用品轻奢教师节礼物,..static/goods_img/7/49.jpg,78
49,50,39.9,留白大一新生入学清单宿舍日用品开学礼物大学学生升学礼物大礼包,..static/goods_img/7/50.jpg,532
50,51,128.0,情侣之间的小玩意同居生活房间日常用品哄女友男友好物恋爱神器污,..static/goods_img/7/51.jpg,113
51,52,15.8,军训神器开学初中高中男女生宿舍住校生活用品大学生新生必备好物,..static/goods_img/7/52.jpg,2390
52,53,3.88,创意家居日用品厨房用具生活家用小百货大全多功能收纳神器小工具,..static/goods_img/7/53.jpg,1611
53,54,23.0,抖音同款家居用品生活日用品创意小百货家用小物件实用小工具套装,..static/goods_img/7/54.jpg,81
54,55,8.79,抖音居家居厨房用品用具小百货家用大全挤蚝油神器生活实用日用品,..static/goods_img/7/55.jpg,6000
55,56,13.8,工会劳防夏令日用品员工福利慰问夏季防暑降温节日清凉套装礼品包,..static/goods_img/7/56.jpg,17
56,57,24.99,夏令员工人福利活动防暑防疫高温慰问送清凉礼盒日用品大礼包团购,..static/goods_img/7/57.jpg,21
57,58,29.4,开学必备用品军训神器女生大学生新生宿舍好物学生住宿住校生寝室,..static/goods_img/7/58.jpg,323
58,59,29.9,家居家用大全厨房生活日用品家庭用具创意好物实用小物件百货神器,..static/goods_img/7/59.jpg,147
59,60,19.8,家居家用家庭生活日用品新家用具百货大全实用开学好物创意小神器,..static/goods_img/7/60.jpg,400
60,61,8.3,居家居用品卫生间用品用具厨房家用小东西生活日用品百货家庭好物,..static/goods_img/7/61.jpg,7
61,62,8.99,创意居家居厨房用品用具小百货家用大全实用小工具生活日用品神器,..static/goods_img/7/62.jpg,11
62,63,17.99,家居生活日用品住校宿舍好物女寝室大学生收纳神器家用大全小百货,..static/goods_img/7/63.jpg,116
63,64,5.4,创意居家居日用品家用小东西百货生活实用小商品大全宿舍清洁神器,..static/goods_img/7/64.jpg,286
64,65,9.5,家居生活日用品小百货女大学生开学住宿收纳宿舍好物住校神器大全,..static/goods_img/7/65.jpg,257
65,66,8.9,宿舍神器家庭创意家居用品生活日用小百货懒人日常居家卧室收纳,..static/goods_img/7/66.jpg,76
66,67,5.5,创意家居高档厨房用具筷子小百货大全家用小物件生活日用品礼物,..static/goods_img/7/67.jpg,695
67,68,11.8,可折叠洗脸盆洗衣盆便携式高中生大学生宿舍生活用品军训开学寝室,..static/goods_img/7/68.jpg,2289
68,69,29.9,住校神器女生生活用品大学高中初中生开学宿舍好物住宿生家用大全,..static/goods_img/7/69.jpg,252
69,70,21.4,住校生生活用品高中初中大学生开学宿舍好物男生女生寝室收纳神器,..static/goods_img/7/70.jpg,131
70,71,23.9,军训神器男女生生活用品大学生开学新生高中生宿舍住校生用品大全,..static/goods_img/7/71.jpg,1568
71,72,11.22,大学生新生开学必备用品神器学生女生军训生活初中高中宿舍住宿品,..static/goods_img/7/72.jpg,3092
72,73,19.7,小手电筒住校神器男生女寝室出租房开学中大学生宿舍生活照明用品,..static/goods_img/7/73.jpg,1856
73,74,14.4,大学生高中军训必备神器女生宿舍好物学生开学住宿住校生活用品,..static/goods_img/7/74.jpg,1371
74,75,30.0,夏令用品员工礼品高温慰问品夏季防暑降温用品工会礼品日用品套装,..static/goods_img/7/75.jpg,11
75,76,11.52,创意居家居厨房用品用具家用灭蟑螂生活日用品实用小百货大全物件,..static/goods_img/7/76.jpg,719
76,77,11.8,创意家居用品用具小百货物件家庭居家生活日用品大全家用好物神器,..static/goods_img/7/77.jpg,550
77,78,17.02,开学洗漱用品全套学生宿舍套装住宿生活桶盆女日用品初中用高中生,..static/goods_img/7/78.jpg,448
78,79,42.0,公司单位员工发福利高温慰问夏令活动日用品洗护礼盒套装团购集采,..static/goods_img/7/79.jpg,26
79,80,129.0,生日礼物男生送男友老公实用走心七夕情人节仪式感创意日用品套装,..static/goods_img/7/80.jpg,79
80,81,25.8,大学生男女住校生宿舍好物洗澡神器家居日用品生活小百货家用大全,..static/goods_img/7/81.jpg,1069
81,82,24.8,情侣之间的小玩意污房间日常用品恋爱神器送男朋友生日礼物飞行棋,..static/goods_img/7/82.jpg,110
82,83,18.8,大学生高中开学收纳用品宿舍女寝室神器好物家居日用品小百货大全,..static/goods_img/7/83.jpg,235
83,84,6.88,军训神器开学必备品新生女生生活用品大学生住宿高中生宿舍住校生,..static/goods_img/7/84.jpg,1453
84,85,16.2,开学洗漱用品全套学生宿舍套装住宿生活桶盆女日用品初中高中生用,..static/goods_img/7/85.jpg,298
85,86,19.59,抖音同款厨房用品用具厨具套装懒人切丝神器小工具居家日用品百货,..static/goods_img/7/86.jpg,408
86,87,11.0,卫生间浴室居家日常生活家用小东西创意实用家居用品用具小百货,..static/goods_img/7/87.jpg,904
87,88,9.9,家居厨房用品用具小百货家用大全生活家庭日用品宿舍好物懒人神器,..static/goods_img/7/88.jpg,1553
88,89,6.39,家居日用品生活小百货家用大全大学生男女住校生宿舍寝室神器衣架,..static/goods_img/7/89.jpg,470
89,90,11.52,家居用品居家杂粮收纳神器创小东西生活用品厨房用具日用品小百货,..static/goods_img/7/90.jpg,693
90,91,65.0,卧室客厅家居日常生活卫生间用品用具懒人厨房实用家用大全小百货,..static/goods_img/7/91.jpg,45
91,92,48.0,夏季高温员工福利工会礼品日用品高温慰问品防暑降温劳防用品套装,..static/goods_img/7/92.jpg,64
